"","term","df","sumsq","meansq","statistic","p.value"
"1","sex",1,0.0936947667790319,0.0936947667790319,0.0138524367658948,0.906347958097885
"2","drug_treatment",2,3601.13871089192,1800.56935544596,266.207750938177,2.65342426939974e-83
"3","health_status",1,10788.9049519667,10788.9049519667,1595.10107936801,1.6359727967889e-170
"4","Residuals",595,4024.44618052895,6.76377509332596,NA,NA
